{
    "loss": 1.7275526523590088,
    "accuracy": 0.45098039507865906
}