{
    "loss": 72.33293151855469,
    "accuracy": 0.4313725531101227
}